target_id,tic_id,toi_number,source_mission,sector,ra_deg,dec_deg,ra_str,dec_str,tfopwg_disposition,stellar_teff_k,stellar_radius_rsun,stellar_tmag,stellar_distance_pc,planet_period_days_measured,transit_depth_ppm_measured,transit_duration_hours_measured,planet_radius_rearth,planet_insolation,planet_equilibrium_temp_k,time_system,time_offset_bjd,bjd_reference,data_source,lightcurve_type,flux_calibration
TIC_50365310,50365310,1000.01,TESS,55,112.357708,-12.69596,07h29m25.85s,-12d41m45.46s,FP,10249.0,2.16986,9.604,485.735,2.1713484,656.8860989,2.0172196,5.8181633,22601.9485814,3127.2040524,BTJD,2457000.0,TDB,NASA_Exoplanet_Archive_TOI,synthetic_based_on_real_parameters,PDCSAP_equivalent_normalized
TIC_88863718,88863718,1001.01,TESS,4,122.580465,-5.513852,08h10m19.31s,-05d30m49.87s,PC,7070.0,2.01,9.42344,295.862,1.9316462,1286.0,3.166,11.2154,44464.5,4045.0,BTJD,2457000.0,TDB,NASA_Exoplanet_Archive_TOI,synthetic_based_on_real_parameters,PDCSAP_equivalent_normalized
TIC_124709665,124709665,1002.01,TESS,27,104.726966,-10.580455,06h58m54.47s,-10d34m49.64s,FP,8924.0,5.73,9.299501,943.109,1.8675574,1500.0,1.408,23.7529,2860.61,2037.0,BTJD,2457000.0,TDB,NASA_Exoplanet_Archive_TOI,synthetic_based_on_real_parameters,PDCSAP_equivalent_normalized
TIC_106997505,106997505,1003.01,TESS,24,110.559945,-25.207017,07h22m14.39s,-25d12m25.26s,FP,5388.5,,9.3003,7728.17,2.74323,383.41,3.167,,1177.36,1631.0,BTJD,2457000.0,TDB,NASA_Exoplanet_Archive_TOI,synthetic_based_on_real_parameters,PDCSAP_equivalent_normalized
TIC_238597883,238597883,1004.01,TESS,26,122.178195,-48.802811,08h08m42.77s,-48d48m10.12s,FP,9219.0,2.15,9.1355,356.437,3.5730141,755.0,3.37,11.3113,54679.3,4260.0,BTJD,2457000.0,TDB,NASA_Exoplanet_Archive_TOI,synthetic_based_on_real_parameters,PDCSAP_equivalent_normalized
TIC_169904935,169904935,1005.01,TESS,55,120.704811,-11.101521,08h02m49.15s,-11d06m05.48s,FP,5613.0,1.09,9.1309,100.711,4.5505945,3731.0,2.654,7.10841,414.775,1257.0,BTJD,2457000.0,TDB,NASA_Exoplanet_Archive_TOI,synthetic_based_on_real_parameters,PDCSAP_equivalent_normalized
TIC_156115721,156115721,1006.01,TESS,60,124.359239,-27.273521,08h17m26.22s,-27d16m24.68s,FP,6616.0,1.53429,9.2386,,2.5047918,2270.5402194,4.3797563,8.6950898,1750.932635,1649.8220699,BTJD,2457000.0,TDB,NASA_Exoplanet_Archive_TOI,synthetic_based_on_real_parameters,PDCSAP_equivalent_normalized
TIC_65212867,65212867,1007.01,TESS,32,112.752393,-4.463359,07h31m00.57s,-04d27m48.09s,PC,6596.0,2.7,8.87759,283.291,6.9989206,2840.0,3.953,14.7752,448.744,1282.0,BTJD,2457000.0,TDB,NASA_Exoplanet_Archive_TOI,synthetic_based_on_real_parameters,PDCSAP_equivalent_normalized
TIC_440801822,440801822,1008.01,TESS,25,109.382839,13.395219,07h17m31.88s,+13d23m42.79s,FP,6858.5,1.57,8.9362,144.297,2.0483755,483.0,2.767,3.19621,5644.4,,BTJD,2457000.0,TDB,NASA_Exoplanet_Archive_TOI,synthetic_based_on_real_parameters,PDCSAP_equivalent_normalized
TIC_107782586,107782586,1009.01,TESS,58,111.667845,-24.462111,07h26m40.28s,-24d27m43.6s,PC,8868.7,,8.4331,866.147,1.9600277,1707.6272693,2.0065257,,1063.3422958,1456.4246534,BTJD,2457000.0,TDB,NASA_Exoplanet_Archive_TOI,synthetic_based_on_real_parameters,PDCSAP_equivalent_normalized
TIC_231663901,231663901,101.01,TESS,4,318.737012,-55.871863,21h14m56.88s,-55d52m18.71s,KP,5600.0,0.890774,12.4069,375.31,1.4303699,18960.7122944,1.6165994,13.1874503,1281.2408254,1525.9048089,BTJD,2457000.0,TDB,NASA_Exoplanet_Archive_TOI,synthetic_based_on_real_parameters,PDCSAP_equivalent_normalized
TIC_139853601,139853601,1010.01,TESS,24,112.293981,-21.832912,07h29m10.56s,-21d49m58.48s,FP,9438.0,1.0,8.45086,485.122,0.6808702,1507.8006889,2.4634563,5.9115908,87140.6995884,4382.0266062,BTJD,2457000.0,TDB,NASA_Exoplanet_Archive_TOI,synthetic_based_on_real_parameters,PDCSAP_equivalent_normalized
TIC_114018671,114018671,1011.01,TESS,51,113.984761,-32.841999,07h35m56.34s,-32d50m31.2s,PC,5413.7,0.94,8.2388,52.62,2.4704981,250.0,2.191,1.44656,575.597,1364.0,BTJD,2457000.0,TDB,NASA_Exoplanet_Archive_TOI,synthetic_based_on_real_parameters,PDCSAP_equivalent_normalized
TIC_427508467,427508467,1012.01,TESS,54,117.095285,6.785064,07h48m22.87s,+06d47m06.23s,APC,8928.0,2.72,8.12718,295.959,0.884182,1890.0,1.621,24.8132,112144.0,5098.0,BTJD,2457000.0,TDB,NASA_Exoplanet_Archive_TOI,synthetic_based_on_real_parameters,PDCSAP_equivalent_normalized
TIC_97700520,97700520,1013.01,TESS,11,107.286063,-31.933523,07h09m08.66s,-31d56m00.68s,FP,8868.7,,7.6095,510.295,5.4255548,14939.6342222,3.9637474,,273.5880696,1037.2753045,BTJD,2457000.0,TDB,NASA_Exoplanet_Archive_TOI,synthetic_based_on_real_parameters,PDCSAP_equivalent_normalized
TIC_96246348,96246348,1014.01,TESS,20,103.561602,-34.22282,06h54m14.78s,-34d13m22.15s,FP,9307.0,,7.678,224.672,1.4095184,2841.5103258,0.9484999,,1650.422071,1625.6180218,BTJD,2457000.0,TDB,NASA_Exoplanet_Archive_TOI,synthetic_based_on_real_parameters,PDCSAP_equivalent_normalized
TIC_155044736,155044736,1015.01,TESS,44,122.895964,-27.971896,08h11m35.03s,-27d58m18.83s,FP,4897.0,6.7996101,10.7069,906.496,1.3730466,1301.5065338,2.5708515,42.1479417,3160.6328329,1912.3318636,BTJD,2457000.0,TDB,NASA_Exoplanet_Archive_TOI,synthetic_based_on_real_parameters,PDCSAP_equivalent_normalized
TIC_175310067,175310067,1016.01,TESS,25,116.110771,-36.098285,07h44m26.59s,-36d05m53.83s,FP,7601.0,1.53641,10.6257,368.646,12.6889415,3232.8527885,7.9201001,14.0608342,425.1594177,1158.1310368,BTJD,2457000.0,TDB,NASA_Exoplanet_Archive_TOI,synthetic_based_on_real_parameters,PDCSAP_equivalent_normalized
TIC_182943944,182943944,1017.01,TESS,44,124.726411,-37.78325,08h18m54.34s,-37d46m59.7s,FP,6995.2,1.61,10.6019,406.997,1.10422,14177.7,2.37,21.0448,39459.3,3926.0,BTJD,2457000.0,TDB,NASA_Exoplanet_Archive_TOI,synthetic_based_on_real_parameters,PDCSAP_equivalent_normalized
TIC_291555748,291555748,1018.01,TESS,69,111.716019,-50.266567,07h26m51.84s,-50d15m59.64s,FP,5889.0,2.0,10.6254,360.541,4.95912,7440.0,2.509,22.9123,673.55,1419.0,BTJD,2457000.0,TDB,NASA_Exoplanet_Archive_TOI,synthetic_based_on_real_parameters,PDCSAP_equivalent_normalized
TIC_341420329,341420329,1019.01,TESS,22,120.147994,-54.878552,08h00m35.52s,-54d52m42.79s,PC,7645.0,1.56203,10.6348,399.544,5.2341008,20796.9416293,3.7078139,24.2931408,1453.6663847,1574.8381848,BTJD,2457000.0,TDB,NASA_Exoplanet_Archive_TOI,synthetic_based_on_real_parameters,PDCSAP_equivalent_normalized
TIC_149603524,149603524,102.01,TESS,11,87.139821,-63.988329,05h48m33.56s,-63d59m17.98s,KP,6280.0,1.21,9.7109,175.631,4.4119378,15062.0,3.65,15.4706,653.252,1408.0,BTJD,2457000.0,TDB,NASA_Exoplanet_Archive_TOI,synthetic_based_on_real_parameters,PDCSAP_equivalent_normalized
TIC_140706664,140706664,1020.01,TESS,12,128.381976,-43.828421,08h33m31.67s,-43d49m42.32s,FP,8734.2,,10.7173,906.827,3.28892,10518.9,3.793,,29832.6,3661.0,BTJD,2457000.0,TDB,NASA_Exoplanet_Archive_TOI,synthetic_based_on_real_parameters,PDCSAP_equivalent_normalized
TIC_143994283,143994283,1021.01,TESS,31,119.30075,-42.999149,07h57m12.18s,-42d59m56.94s,FP,6022.6,1.22,10.5551,235.974,1.90879,618.482,1.909,3.34688,985.807,1561.0,BTJD,2457000.0,TDB,NASA_Exoplanet_Archive_TOI,synthetic_based_on_real_parameters,PDCSAP_equivalent_normalized
TIC_47384844,47384844,1022.01,TESS,57,162.96491,-5.788708,10h51m51.58s,-05d47m19.35s,FA,6084.0,1.41,8.72924,120.666,3.09574,380.0,4.475,3.4262,18087.9,3230.0,BTJD,2457000.0,TDB,NASA_Exoplanet_Archive_TOI,synthetic_based_on_real_parameters,PDCSAP_equivalent_normalized
TIC_238374636,238374636,1023.01,TESS,59,120.837688,-51.345626,08h03m21.05s,-51d20m44.25s,FP,5050.8,2.99,9.697,316.398,1.3214483,2180.0,3.435,21.8839,35623.2,3827.0,BTJD,2457000.0,TDB,NASA_Exoplanet_Archive_TOI,synthetic_based_on_real_parameters,PDCSAP_equivalent_normalized
TIC_141482386,141482386,1024.01,TESS,35,86.820714,-72.422611,05h47m16.97s,-72d25m21.4s,FP,4709.0,7.61,10.0814,692.266,18.0157,610.0,2.524,21.644,7.64364,463.0,BTJD,2457000.0,TDB,NASA_Exoplanet_Archive_TOI,synthetic_based_on_real_parameters,PDCSAP_equivalent_normalized
TIC_297967252,297967252,1025.01,TESS,33,142.521159,-51.517114,09h30m05.08s,-51d31m01.61s,PC,8598.7,,5.5324,129.838,9.6837921,4238.2399008,2.4006056,,3176.3106916,1914.698926,BTJD,2457000.0,TDB,NASA_Exoplanet_Archive_TOI,synthetic_based_on_real_parameters,PDCSAP_equivalent_normalized
TIC_388624270,388624270,1026.01,TESS,9,125.434634,-51.759442,08h21m44.31s,-51d45m33.99s,FP,5690.0,0.853898,9.9138,105.677,14.2628757,913.2067174,6.9350494,2.4765813,153.2069421,980.3628831,BTJD,2457000.0,TDB,NASA_Exoplanet_Archive_TOI,synthetic_based_on_real_parameters,PDCSAP_equivalent_normalized
TIC_20318757,20318757,1027.01,TESS,32,167.133275,-29.653135,11h08m31.99s,-29d39m11.29s,PC,4272.0,0.68,10.2103,56.3449,3.2834565,1558.0,1.537,2.87648,161.092,992.0,BTJD,2457000.0,TDB,NASA_Exoplanet_Archive_TOI,synthetic_based_on_real_parameters,PDCSAP_equivalent_normalized
TIC_20318757,20318757,1027.02,TESS,59,167.133275,-29.653135,11h08m31.99s,-29d39m11.29s,PC,4272.0,0.68,10.2103,56.3449,11.02875,1694.0,2.715,2.76586,15.0463,548.0,BTJD,2457000.0,TDB,NASA_Exoplanet_Archive_TOI,synthetic_based_on_real_parameters,PDCSAP_equivalent_normalized
TIC_20318757,20318757,1027.03,TESS,7,167.133275,-29.653135,11h08m31.99s,-29d39m11.29s,PC,4272.0,0.68,10.2103,56.3449,5.0113292,1210.0,1.024,2.52314,17.1793,567.0,BTJD,2457000.0,TDB,NASA_Exoplanet_Archive_TOI,synthetic_based_on_real_parameters,PDCSAP_equivalent_normalized
TIC_447283466,447283466,1028.01,TESS,68,157.098337,-51.705409,10h28m23.6s,-51d42m19.47s,FP,4634.0,0.68,7.9059,23.7748,1.01606,240.0,2.843,1.20704,2784.04,2023.0,BTJD,2457000.0,TDB,NASA_Exoplanet_Archive_TOI,synthetic_based_on_real_parameters,PDCSAP_equivalent_normalized
TIC_374908020,374908020,1029.01,TESS,18,88.73909,-65.958839,05h54m57.38s,-65d57m31.82s,FP,,,6.841,,36.22214,7170.0,5.107,,,,BTJD,2457000.0,TDB,NASA_Exoplanet_Archive_TOI,synthetic_based_on_real_parameters,PDCSAP_equivalent_normalized
TIC_336732616,336732616,103.01,TESS,2,312.457488,-24.428694,20h49m49.8s,-24d25m43.3s,KP,6351.0,1.4,11.5232,411.211,3.547854,10424.3718,3.494333,14.581841,1212.004376,1504.858953,BTJD,2457000.0,TDB,NASA_Exoplanet_Archive_TOI,synthetic_based_on_real_parameters,PDCSAP_equivalent_normalized
TIC_464296022,464296022,1030.01,TESS,17,155.831478,-57.590248,10h23m19.55s,-57d35m24.89s,FP,4807.6,1.07,9.5706,78.41273,12.1246519,7279.0,4.612,17.6729,207.32,1057.0,BTJD,2457000.0,TDB,NASA_Exoplanet_Archive_TOI,synthetic_based_on_real_parameters,PDCSAP_equivalent_normalized
TIC_304021498,304021498,1031.01,TESS,43,140.88389,-67.026006,09h23m32.13s,-67d01m33.62s,FP,6415.4,1.92,9.7318,270.771,5.652623,1250.0,3.434,8.94354,2717.06,2011.0,BTJD,2457000.0,TDB,NASA_Exoplanet_Archive_TOI,synthetic_based_on_real_parameters,PDCSAP_equivalent_normalized
TIC_146589986,146589986,1032.01,TESS,55,159.221506,-42.541639,10h36m53.16s,-42d32m29.9s,PC,10395.0,2.3383701,9.7611,587.196,5.6643704,3491.8232968,3.8087395,14.7738943,7657.6621505,2385.8536488,BTJD,2457000.0,TDB,NASA_Exoplanet_Archive_TOI,synthetic_based_on_real_parameters,PDCSAP_equivalent_normalized
TIC_149601557,149601557,1033.01,TESS,51,87.282586,-60.498444,05h49m07.82s,-60d29m54.4s,FP,6113.1,2.01,10.0163,219.94,29.0160175,1389.0,5.345,6.77406,33.2234,,BTJD,2457000.0,TDB,NASA_Exoplanet_Archive_TOI,synthetic_based_on_real_parameters,PDCSAP_equivalent_normalized
TIC_400595342,400595342,1034.01,TESS,19,134.441752,-49.000578,08h57m46.02s,-49d00m02.08s,FP,9810.0,1.60776,9.8174,363.44,3.6404389,476.3077321,2.5339234,3.7025342,9941.2265514,2783.098027,BTJD,2457000.0,TDB,NASA_Exoplanet_Archive_TOI,synthetic_based_on_real_parameters,PDCSAP_equivalent_normalized
TIC_361413119,361413119,1035.01,TESS,26,144.150273,-61.583182,09h36m36.07s,-61d34m59.46s,PC,5964.0,2.4303801,10.1126,347.556,6.0744477,5982.5212406,2.4954821,30.9493217,1487.5644344,1583.9398898,BTJD,2457000.0,TDB,NASA_Exoplanet_Archive_TOI,synthetic_based_on_real_parameters,PDCSAP_equivalent_normalized
TIC_146172354,146172354,1036.01,TESS,20,157.867112,-42.240448,10h31m28.11s,-42d14m25.61s,PC,5771.0,1.18,10.2855,184.015,3.7795212,2761.0,2.952,5.98375,466.528,1294.0,BTJD,2457000.0,TDB,NASA_Exoplanet_Archive_TOI,synthetic_based_on_real_parameters,PDCSAP_equivalent_normalized
TIC_363260203,363260203,1037.01,TESS,59,147.385172,-63.306478,09h49m32.44s,-63d18m23.32s,FP,9158.0,1.74,9.0211,279.698,1.2025238,390.0,1.991,6.31106,208477.0,5952.0,BTJD,2457000.0,TDB,NASA_Exoplanet_Archive_TOI,synthetic_based_on_real_parameters,PDCSAP_equivalent_normalized
TIC_90544017,90544017,1038.01,TESS,27,128.454638,-49.940347,08h33m49.11s,-49d56m25.25s,FP,8904.0,2.17,8.7157,280.765,3.2235985,680.0,2.159,5.51341,2064.8,,BTJD,2457000.0,TDB,NASA_Exoplanet_Archive_TOI,synthetic_based_on_real_parameters,PDCSAP_equivalent_normalized
TIC_461867584,461867584,1039.01,TESS,17,149.688545,-58.760453,09h58m45.25s,-58d45m37.63s,APC,,,8.5483,2864.34,4.420125,2466.0,3.956,,,,BTJD,2457000.0,TDB,NASA_Exoplanet_Archive_TOI,synthetic_based_on_real_parameters,PDCSAP_equivalent_normalized
TIC_231670397,231670397,104.01,TESS,22,319.949697,-58.148933,21h19m47.93s,-58d08m56.16s,KP,6036.0,2.2186699,9.8638,316.678,4.0872956,3572.1712499,5.586113,13.6237732,2242.3605401,1755.0767383,BTJD,2457000.0,TDB,NASA_Exoplanet_Archive_TOI,synthetic_based_on_real_parameters,PDCSAP_equivalent_normalized
TIC_310483807,310483807,1040.01,TESS,50,128.61421,-61.488262,08h34m27.41s,-61d29m17.74s,FP,10037.0,6.04,8.3854,732.432,2.55555,340.0,1.566,11.5901,3520.68,2145.0,BTJD,2457000.0,TDB,NASA_Exoplanet_Archive_TOI,synthetic_based_on_real_parameters,PDCSAP_equivalent_normalized
TIC_385624852,385624852,1041.01,TESS,15,138.402252,-55.19791,09h13m36.54s,-55d11m52.48s,FP,9081.0,3.05,8.0981,305.034,8.30792,8350.0,3.228,43.1068,2276.25,1924.0,BTJD,2457000.0,TDB,NASA_Exoplanet_Archive_TOI,synthetic_based_on_real_parameters,PDCSAP_equivalent_normalized
TIC_360286627,360286627,1042.01,TESS,23,141.975215,-61.33004,09h27m54.05s,-61d19m48.14s,PC,9917.0,3.5086601,9.718,792.633,0.758082,583.93181,1.8184632,10.1273702,216218.1005011,5499.7476332,BTJD,2457000.0,TDB,NASA_Exoplanet_Archive_TOI,synthetic_based_on_real_parameters,PDCSAP_equivalent_normalized
TIC_90448944,90448944,1043.01,TESS,48,128.302319,-52.714202,08h33m12.56s,-52d42m51.13s,FP,6902.0,1.52,9.5719,208.055,1.4415577,507.0,2.349,3.61078,16861.8,3174.0,BTJD,2457000.0,TDB,NASA_Exoplanet_Archive_TOI,synthetic_based_on_real_parameters,PDCSAP_equivalent_normalized
TIC_463402815,463402815,1044.01,TESS,12,153.811023,-58.766393,10h15m14.65s,-58d45m59.01s,PC,5215.2,,10.0031,494.689,1.0085089,3051.0,1.642,,,,BTJD,2457000.0,TDB,NASA_Exoplanet_Archive_TOI,synthetic_based_on_real_parameters,PDCSAP_equivalent_normalized
TIC_54044474,54044474,1045.01,TESS,37,159.887704,-32.51188,10h39m33.05s,-32d30m42.77s,FP,7013.8,1.9,9.6306,300.696,3.7039994,7590.0,4.277,17.57,3546.13,2149.0,BTJD,2457000.0,TDB,NASA_Exoplanet_Archive_TOI,synthetic_based_on_real_parameters,PDCSAP_equivalent_normalized
TIC_309787037,309787037,1046.01,TESS,21,126.419468,-60.907514,08h25m40.67s,-60d54m27.05s,FP,6762.0,1.75,10.0119,301.298,1.3042553,914.0,1.706,9.36472,26944.7,3569.0,BTJD,2457000.0,TDB,NASA_Exoplanet_Archive_TOI,synthetic_based_on_real_parameters,PDCSAP_equivalent_normalized
TIC_370745311,370745311,1047.01,TESS,32,144.581535,-67.505097,09h38m19.57s,-67d30m18.35s,FP,5622.0,0.93,10.2355,134.926,0.62627,1880.0,0.666,5.72162,3235.57,2101.0,BTJD,2457000.0,TDB,NASA_Exoplanet_Archive_TOI,synthetic_based_on_real_parameters,PDCSAP_equivalent_normalized
TIC_384549882,384549882,1048.01,TESS,22,136.527702,-54.903922,09h06m06.65s,-54d54m14.12s,FP,11892.0,2.52,8.802,440.426,0.30412,1330.0,0.748,10.417,280833.0,6413.0,BTJD,2457000.0,TDB,NASA_Exoplanet_Archive_TOI,synthetic_based_on_real_parameters,PDCSAP_equivalent_normalized
TIC_16288184,16288184,1049.01,TESS,66,253.768848,-28.710584,16h55m04.52s,-28d42m38.1s,KP,6599.0,1.2714601,11.0657,314.995,2.1805277,16340.1353205,2.969175,16.808853,1770.4650539,1654.404068,BTJD,2457000.0,TDB,NASA_Exoplanet_Archive_TOI,synthetic_based_on_real_parameters,PDCSAP_equivalent_normalized
TIC_144065872,144065872,105.01,TESS,54,337.457824,-48.003099,22h29m49.88s,-48d00m11.16s,KP,5630.0,1.23824,9.4995,137.544,2.1846669,11708.0228549,2.86528,13.7028527,1362.1381428,1549.4409801,BTJD,2457000.0,TDB,NASA_Exoplanet_Archive_TOI,synthetic_based_on_real_parameters,PDCSAP_equivalent_normalized
TIC_66818296,66818296,1050.01,TESS,44,239.962248,-28.061794,15h59m50.94s,-28d03m42.46s,KP,6650.0,1.57,11.0261,405.908,3.7354838,17030.0,4.142,21.2315,1292.19,1670.0,BTJD,2457000.0,TDB,NASA_Exoplanet_Archive_TOI,synthetic_based_on_real_parameters,PDCSAP_equivalent_normalized
TIC_259863352,259863352,1051.01,TESS,54,40.365939,-71.462749,02h41m27.83s,-71d27m45.9s,FA,5625.0,1.56486,7.1278,53.19149,21.701669,211.6567325,8.2676424,2.3751494,52.095,685.2,BTJD,2457000.0,TDB,NASA_Exoplanet_Archive_TOI,synthetic_based_on_real_parameters,PDCSAP_equivalent_normalized
TIC_317060587,317060587,1052.01,TESS,68,337.510274,-75.646561,22h30m02.47s,-75d38m47.62s,CP,5958.2,1.58,9.0197,129.804,9.139804,358.4157801,3.0912936,3.0629855,243.011763,1006.9932829,BTJD,2457000.0,TDB,NASA_Exoplanet_Archive_TOI,synthetic_based_on_real_parameters,PDCSAP_equivalent_normalized
TIC_112395568,112395568,1053.01,TESS,21,290.977117,-33.351416,19h23m54.51s,-33d21m05.1s,FP,5664.0,3.86959,8.8849,263.729,5.742625,1105.760867,2.860293,13.088532,,,BTJD,2457000.0,TDB,NASA_Exoplanet_Archive_TOI,synthetic_based_on_real_parameters,PDCSAP_equivalent_normalized
TIC_366989877,366989877,1054.01,TESS,52,302.114174,-54.317501,20h08m27.4s,-54d19m03s,CP,6122.0,1.17,8.4362,88.4343,15.5077855,513.0,4.565,2.43432,88.0718,853.0,BTJD,2457000.0,TDB,NASA_Exoplanet_Archive_TOI,synthetic_based_on_real_parameters,PDCSAP_equivalent_normalized
TIC_320004517,320004517,1055.01,TESS,7,293.286615,-54.532728,19h33m08.79s,-54d31m57.82s,CP,5783.54,0.974669,8.0888,57.2651,17.4713078,1199.7541483,4.4284819,3.5766828,53.3700317,689.3568807,BTJD,2457000.0,TDB,NASA_Exoplanet_Archive_TOI,synthetic_based_on_real_parameters,PDCSAP_equivalent_normalized
TIC_421894914,421894914,1056.01,TESS,24,339.258703,-76.917605,22h37m02.09s,-76d55m03.38s,PC,6124.3,1.36963,9.6663,168.354,5.3079507,391.3830934,3.2158594,3.0486928,603.2401116,1263.9861129,BTJD,2457000.0,TDB,NASA_Exoplanet_Archive_TOI,synthetic_based_on_real_parameters,PDCSAP_equivalent_normalized
TIC_323132914,323132914,1057.01,TESS,40,127.996917,-78.407564,08h31m59.26s,-78d24m27.23s,PC,5599.0,0.943356,9.4091,98.2855,51.1701501,851.4547808,6.6641048,2.9366826,11.2148229,466.7322968,BTJD,2457000.0,TDB,NASA_Exoplanet_Archive_TOI,synthetic_based_on_real_parameters,PDCSAP_equivalent_normalized
TIC_31553893,31553893,1058.01,TESS,17,288.911772,-31.790813,19h15m38.83s,-31d47m26.93s,PC,5785.0,3.4475601,9.3781,338.831,11.1296441,951.6169809,7.0473822,12.8402271,1255.6817164,1518.2372485,BTJD,2457000.0,TDB,NASA_Exoplanet_Archive_TOI,synthetic_based_on_real_parameters,PDCSAP_equivalent_normalized
TIC_380783252,380783252,1059.01,TESS,43,269.714503,-60.922727,17h58m51.48s,-60d55m21.82s,PC,5509.0,0.94,9.7825,98.8783,9.4496506,19750.0,2.021,17.0216,38.5799,694.0,BTJD,2457000.0,TDB,NASA_Exoplanet_Archive_TOI,synthetic_based_on_real_parameters,PDCSAP_equivalent_normalized
TIC_38846515,38846515,106.01,TESS,35,68.959816,-64.027039,04h35m50.36s,-64d01m37.34s,KP,6900.0,1.77,10.3157,364.411,2.8493825,8049.0,3.567,16.3869,2005.83,1864.0,BTJD,2457000.0,TDB,NASA_Exoplanet_Archive_TOI,synthetic_based_on_real_parameters,PDCSAP_equivalent_normalized
TIC_101230735,101230735,1060.01,TESS,45,299.290995,-48.934476,19h57m09.84s,-48d56m04.11s,APC,5687.9,1.14,9.6652,128.491,2.0685633,502.0,0.373,3.89739,24.409,619.0,BTJD,2457000.0,TDB,NASA_Exoplanet_Archive_TOI,synthetic_based_on_real_parameters,PDCSAP_equivalent_normalized
TIC_253990973,253990973,1061.01,TESS,18,284.688908,-41.242483,18h58m45.34s,-41d14m32.94s,FP,5525.0,1.21935,9.7345,133.171,0.540933,257.347459,1.674337,2.28501,,,BTJD,2457000.0,TDB,NASA_Exoplanet_Archive_TOI,synthetic_based_on_real_parameters,PDCSAP_equivalent_normalized
TIC_299799658,299799658,1062.01,TESS,61,38.120968,-78.023683,02h32m29.03s,-78d01m25.26s,CP,5394.0,0.89,9.478,82.1733,4.1150576,487.0,1.08,2.30057,77.3573,826.0,BTJD,2457000.0,TDB,NASA_Exoplanet_Archive_TOI,synthetic_based_on_real_parameters,PDCSAP_equivalent_normalized
TIC_406976746,406976746,1063.01,TESS,68,230.555493,-83.056214,15h22m13.32s,-83d03m22.37s,PC,5552.0,0.791742,9.0689,61.1201,10.0665238,839.9044871,2.4023189,2.7272824,54.8791715,694.1792631,BTJD,2457000.0,TDB,NASA_Exoplanet_Archive_TOI,synthetic_based_on_real_parameters,PDCSAP_equivalent_normalized
TIC_79748331,79748331,1064.01,TESS,7,296.003935,-47.56203,19h44m00.94s,-47d33m43.31s,CP,4803.0,0.737189,10.0059,68.0726,6.4438657,1121.9512275,1.9309449,2.460344,60.831305,712.2812841,BTJD,2457000.0,TDB,NASA_Exoplanet_Archive_TOI,synthetic_based_on_real_parameters,PDCSAP_equivalent_normalized
TIC_79748331,79748331,1064.02,TESS,32,296.003935,-47.56203,19h44m00.94s,-47d33m43.31s,CP,4803.0,0.737189,10.0059,68.0726,12.2265595,1206.3693293,2.1904379,2.6014766,25.8970378,575.3502049,BTJD,2457000.0,TDB,NASA_Exoplanet_Archive_TOI,synthetic_based_on_real_parameters,PDCSAP_equivalent_normalized
TIC_7088246,7088246,1065.01,TESS,46,286.36675,-50.06735,19h05m28.02s,-50d04m02.46s,KP,5780.0,1.2,13.2851,639.004,2.160344,19357.992992,1.828854,22.503541,,,BTJD,2457000.0,TDB,NASA_Exoplanet_Archive_TOI,synthetic_based_on_real_parameters,PDCSAP_equivalent_normalized
TIC_201604954,201604954,1066.01,TESS,50,285.096517,-54.893341,19h00m23.16s,-54d53m36.03s,KP,5670.0,1.07,11.9707,353.891,4.606184,13793.034867,3.121643,12.962219,,,BTJD,2457000.0,TDB,NASA_Exoplanet_Archive_TOI,synthetic_based_on_real_parameters,PDCSAP_equivalent_normalized
TIC_201642601,201642601,1067.01,TESS,57,288.672005,-59.57935,19h14m41.28s,-59d34m45.66s,KP,4351.0,0.76701,13.1686,263.609,3.1316735,14915.6943722,2.4579197,9.4995191,148.6544991,890.5622134,BTJD,2457000.0,TDB,NASA_Exoplanet_Archive_TOI,synthetic_based_on_real_parameters,PDCSAP_equivalent_normalized
TIC_6663331,6663331,1068.01,TESS,49,284.399762,-49.138513,18h57m35.94s,-49d08m18.65s,KP,5498.0,0.92,13.2887,535.383,3.180362,21192.463324,2.111521,13.446487,,,BTJD,2457000.0,TDB,NASA_Exoplanet_Archive_TOI,synthetic_based_on_real_parameters,PDCSAP_equivalent_normalized
TIC_31858843,31858843,1069.01,TESS,57,289.479212,-32.860124,19h17m55.01s,-32d51m36.45s,KP,5703.0,1.22,10.4293,197.996,2.9776446,13022.0,2.962,14.4339,758.324,1461.0,BTJD,2457000.0,TDB,NASA_Exoplanet_Archive_TOI,synthetic_based_on_real_parameters,PDCSAP_equivalent_normalized
TIC_92352620,92352620,107.01,TESS,2,313.783239,-34.135751,20h55m07.98s,-34d08m08.7s,KP,6153.0,1.71,9.6433,211.211,3.9502008,13914.0,4.444,20.5357,1009.38,1570.0,BTJD,2457000.0,TDB,NASA_Exoplanet_Archive_TOI,synthetic_based_on_real_parameters,PDCSAP_equivalent_normalized
TIC_31858844,31858844,1070.01,TESS,12,289.478541,-32.861327,19h17m54.85s,-32d51m40.78s,FP,5740.0,1.28,15.7114,,2.9776152,43218.111683,3.25697,26.88423,873.27,1386.5,BTJD,2457000.0,TDB,NASA_Exoplanet_Archive_TOI,synthetic_based_on_real_parameters,PDCSAP_equivalent_normalized
TIC_120247528,120247528,1071.01,TESS,47,280.184169,-58.459388,18h40m44.2s,-58d27m33.8s,KP,5639.0,1.11499,11.5803,290.198,3.5544026,10164.8753396,2.0550535,13.200677,515.0014435,1214.9876435,BTJD,2457000.0,TDB,NASA_Exoplanet_Archive_TOI,synthetic_based_on_real_parameters,PDCSAP_equivalent_normalized
TIC_140830390,140830390,1072.01,TESS,44,75.627307,-72.913998,05h02m30.55s,-72d54m50.39s,FP,5765.0,2.4494,11.7106,703.878,12.8379689,10539.0192794,9.8464123,25.4886382,374.129,1225.0,BTJD,2457000.0,TDB,NASA_Exoplanet_Archive_TOI,synthetic_based_on_real_parameters,PDCSAP_equivalent_normalized
TIC_158297421,158297421,1073.01,TESS,63,287.484402,-49.664942,19h09m56.26s,-49d39m53.79s,CP,4444.0,0.6983,13.6699,300.67,3.9228016,31510.9004906,1.8736007,13.3368705,91.167589,788.0973496,BTJD,2457000.0,TDB,NASA_Exoplanet_Archive_TOI,synthetic_based_on_real_parameters,PDCSAP_equivalent_normalized
TIC_327301957,327301957,1074.01,TESS,47,310.761004,-72.010267,20h43m02.64s,-72d00m36.96s,PC,5206.0,0.741671,10.6339,107.356,13.9428705,1015.395543,3.7522756,2.4233421,28.0927293,587.1759148,BTJD,2457000.0,TDB,NASA_Exoplanet_Archive_TOI,synthetic_based_on_real_parameters,PDCSAP_equivalent_normalized
TIC_351601843,351601843,1075.01,TESS,60,309.971209,-65.449699,20h39m53.09s,-65d26m58.92s,CP,4046.0,0.580337,11.1186,61.4592,0.6047392,1027.6833479,1.0403847,1.8625587,528.0253155,1222.5973095,BTJD,2457000.0,TDB,NASA_Exoplanet_Archive_TOI,synthetic_based_on_real_parameters,PDCSAP_equivalent_normalized
TIC_360742636,360742636,1076.01,TESS,4,294.633694,-55.330269,19h38m32.09s,-55d19m48.97s,KP,5659.0,1.03997,11.2474,248.46,2.5495611,14921.4021936,2.6173308,12.9171288,757.1284067,1337.8645148,BTJD,2457000.0,TDB,NASA_Exoplanet_Archive_TOI,synthetic_based_on_real_parameters,PDCSAP_equivalent_normalized
TIC_369960846,369960846,1077.01,TESS,1,173.810798,-88.096213,11h35m14.59s,-88d05m46.37s,PC,5192.0,0.984326,13.461,463.683,1.6062693,16725.3019333,1.9561305,12.6436029,844.2700581,1374.8018137,BTJD,2457000.0,TDB,NASA_Exoplanet_Archive_TOI,synthetic_based_on_real_parameters,PDCSAP_equivalent_normalized
TIC_370133522,370133522,1078.01,TESS,51,306.928646,-56.462287,20h27m42.88s,-56d27m44.23s,CP,3325.0,0.390989,10.1165,20.373,0.5182425,831.8920424,0.8565249,1.3485121,255.1405815,1019.3295979,BTJD,2457000.0,TDB,NASA_Exoplanet_Archive_TOI,synthetic_based_on_real_parameters,PDCSAP_equivalent_normalized
TIC_379240073,379240073,1079.01,TESS,46,283.119492,-55.387928,18h52m28.68s,-55d23m16.54s,PC,6519.0,1.7234,13.1284,1179.27,3.1644075,5603.4635466,2.0576293,14.8814743,2206.1550476,1747.9490013,BTJD,2457000.0,TDB,NASA_Exoplanet_Archive_TOI,synthetic_based_on_real_parameters,PDCSAP_equivalent_normalized
TIC_289793076,289793076,108.01,TESS,66,316.96148,-26.09672,21h07m50.76s,-26d05m48.19s,KP,5523.0,0.809868,13.163,421.855,3.0440541,22236.0165376,2.5984575,12.1086799,315.9871326,1075.3184542,BTJD,2457000.0,TDB,NASA_Exoplanet_Archive_TOI,synthetic_based_on_real_parameters,PDCSAP_equivalent_normalized
TIC_161032923,161032923,1080.01,TESS,67,276.368325,-52.214573,18h25m28.4s,-52d12m52.46s,PC,3296.0,0.199988,12.7067,25.559,3.9652485,3680.7544436,1.0112593,1.2305102,5.2829448,386.6684768,BTJD,2457000.0,TDB,NASA_Exoplanet_Archive_TOI,synthetic_based_on_real_parameters,PDCSAP_equivalent_normalized
TIC_253728991,253728991,1081.01,TESS,54,282.140409,-40.11177,18h48m33.7s,-40d06m42.37s,PC,6027.0,1.23975,11.5247,354.05,2.98278,6136.231662,3.109528,11.467011,,,BTJD,2457000.0,TDB,NASA_Exoplanet_Archive_TOI,synthetic_based_on_real_parameters,PDCSAP_equivalent_normalized
TIC_261108236,261108236,1082.01,TESS,16,83.275809,-80.815478,05h33m06.19s,-80d48m55.72s,PC,4310.0,0.649613,11.8835,100.248,16.3469053,2212.4257252,3.5865698,3.5059571,8.9995944,441.7489067,BTJD,2457000.0,TDB,NASA_Exoplanet_Archive_TOI,synthetic_based_on_real_parameters,PDCSAP_equivalent_normalized
TIC_322270620,322270620,1083.01,TESS,2,296.822194,-87.32281,19h47m17.33s,-87d19m22.12s,PC,3614.0,0.491323,12.0936,68.9109,12.9802953,2407.2608671,2.5034417,2.4241912,4.7341229,376.2093904,BTJD,2457000.0,TDB,NASA_Exoplanet_Archive_TOI,synthetic_based_on_real_parameters,PDCSAP_equivalent_normalized
TIC_380589029,380589029,1084.01,TESS,16,268.890707,-61.7474,17h55m33.77s,-61d44m50.64s,KP,6346.0,1.14759,12.2851,494.182,1.3484961,18463.7636682,2.4074261,15.8824638,2706.9606225,1839.6713042,BTJD,2457000.0,TDB,NASA_Exoplanet_Archive_TOI,synthetic_based_on_real_parameters,PDCSAP_equivalent_normalized
TIC_381979901,381979901,1085.01,TESS,30,77.605399,-59.535664,05h10m25.3s,-59d32m08.39s,APC,6102.0,1.28,11.6577,444.066,3.2541181,13620.0,4.341,14.9476,1436.45,,BTJD,2457000.0,TDB,NASA_Exoplanet_Archive_TOI,synthetic_based_on_real_parameters,PDCSAP_equivalent_normalized
TIC_468148930,468148930,1086.01,TESS,5,305.56982,-88.568495,20h22m16.76s,-88d34m06.58s,PC,5818.0,2.0840001,12.2303,736.397,3.7178828,4864.8405125,5.5277827,14.6986197,1925.1426172,1689.4116185,BTJD,2457000.0,TDB,NASA_Exoplanet_Archive_TOI,synthetic_based_on_real_parameters,PDCSAP_equivalent_normalized
TIC_426077080,426077080,1087.01,TESS,33,238.001011,-76.49349,15h52m00.24s,-76d29m36.56s,FP,6907.0,3.09,9.4142,416.25,9.30992,2220.0,3.464,14.2968,215.208,1067.0,BTJD,2457000.0,TDB,NASA_Exoplanet_Archive_TOI,synthetic_based_on_real_parameters,PDCSAP_equivalent_normalized
TIC_343648136,343648136,1088.01,TESS,3,272.311383,-76.300955,18h09m14.73s,-76d18m03.44s,FA,6093.0,1.4,10.4613,240.901,1.15395,1550.0,2.236,5.48364,3534.3,2148.0,BTJD,2457000.0,TDB,NASA_Exoplanet_Archive_TOI,synthetic_based_on_real_parameters,PDCSAP_equivalent_normalized
TIC_129319156,129319156,1089.01,TESS,25,228.84306,-52.885989,15h15m22.33s,-52d53m09.56s,FP,11600.0,2.48,10.3918,778.127,4.73703,2410.0,3.902,25.7144,53821.0,4243.0,BTJD,2457000.0,TDB,NASA_Exoplanet_Archive_TOI,synthetic_based_on_real_parameters,PDCSAP_equivalent_normalized
TIC_29344935,29344935,109.01,TESS,64,313.215475,-25.687376,20h52m51.71s,-25d41m14.55s,KP,5346.0,0.984866,13.2366,513.011,2.76676,14947.4387827,2.6872178,12.2867389,505.8840075,1209.5741229,BTJD,2457000.0,TDB,NASA_Exoplanet_Archive_TOI,synthetic_based_on_real_parameters,PDCSAP_equivalent_normalized
TIC_361034196,361034196,1090.01,TESS,62,242.016315,-68.588832,16h08m03.92s,-68d35m19.8s,FP,7009.8,2.95,10.0196,566.502,2.19296,4933.74,4.586,22.7769,31883.5,3722.0,BTJD,2457000.0,TDB,NASA_Exoplanet_Archive_TOI,synthetic_based_on_real_parameters,PDCSAP_equivalent_normalized
TIC_193413306,193413306,1091.01,TESS,44,222.101134,-56.025931,14h48m24.27s,-56d01m33.35s,PC,7348.0,2.39,9.3529,321.671,1.725841,2710.0,3.674,15.0024,50469.2,4175.0,BTJD,2457000.0,TDB,NASA_Exoplanet_Archive_TOI,synthetic_based_on_real_parameters,PDCSAP_equivalent_normalized
TIC_387079085,387079085,1092.01,TESS,9,217.022882,-64.634285,14h28m05.49s,-64d38m03.43s,FP,6534.0,2.04,9.0039,209.919,1.1923,3730.0,3.119,30.666,40771.2,3958.0,BTJD,2457000.0,TDB,NASA_Exoplanet_Archive_TOI,synthetic_based_on_real_parameters,PDCSAP_equivalent_normalized
TIC_382331352,382331352,1093.01,TESS,44,215.805264,-63.045983,14h23m13.26s,-63d02m45.54s,FP,,,10.0067,1710.22,11.47606,3050.0,6.083,,,,BTJD,2457000.0,TDB,NASA_Exoplanet_Archive_TOI,synthetic_based_on_real_parameters,PDCSAP_equivalent_normalized
TIC_136274063,136274063,1094.01,TESS,64,230.498827,-53.819601,15h21m59.72s,-53d49m10.56s,APC,7710.0,2.28,9.9806,426.003,0.5971314,910.0,0.468,9.08382,1596.43,1760.0,BTJD,2457000.0,TDB,NASA_Exoplanet_Archive_TOI,synthetic_based_on_real_parameters,PDCSAP_equivalent_normalized
TIC_375223080,375223080,1095.01,TESS,14,133.968965,-75.926187,08h55m52.55s,-75d55m34.27s,PC,7066.0,2.6647301,10.4291,582.521,1.4821386,2102.6568299,2.1867078,13.7339261,18197.1354531,2962.2418039,BTJD,2457000.0,TDB,NASA_Exoplanet_Archive_TOI,synthetic_based_on_real_parameters,PDCSAP_equivalent_normalized
TIC_375225453,375225453,1096.01,TESS,7,133.826684,-73.173308,08h55m18.4s,-73d10m23.91s,FP,6553.0,2.8908899,10.11,490.288,0.9209526,360.8801529,1.8602735,5.7349089,32740.3629399,3430.7622437,BTJD,2457000.0,TDB,NASA_Exoplanet_Archive_TOI,synthetic_based_on_real_parameters,PDCSAP_equivalent_normalized
TIC_360630575,360630575,1097.01,TESS,17,189.775859,-74.57402,12h39m06.21s,-74d34m26.47s,CP,5876.0,0.98,8.7215,79.5561,9.188506,460.0,2.492,2.16591,63.4589,786.0,BTJD,2457000.0,TDB,NASA_Exoplanet_Archive_TOI,synthetic_based_on_real_parameters,PDCSAP_equivalent_normalized
TIC_360630575,360630575,1097.02,TESS,45,189.775859,-74.57402,12h39m06.21s,-74d34m26.47s,CP,5876.0,0.983215,8.7215,79.5561,13.9028391,647.2701039,2.1264429,2.6136848,77.4841883,756.6987586,BTJD,2457000.0,TDB,NASA_Exoplanet_Archive_TOI,synthetic_based_on_real_parameters,PDCSAP_equivalent_normalized
TIC_383390264,383390264,1098.01,TESS,16,192.589285,-88.121111,12h50m21.43s,-88d07m16s,CP,6153.0,1.14582,8.7581,105.096,10.1826983,667.4752458,2.8275109,3.0538057,198.394783,957.1991659,BTJD,2457000.0,TDB,NASA_Exoplanet_Archive_TOI,synthetic_based_on_real_parameters,PDCSAP_equivalent_normalized
TIC_290348383,290348383,1099.01,TESS,24,328.718171,-77.338802,21h54m52.36s,-77d20m19.69s,CP,4867.0,0.8,7.3661,23.606,6.441006,914.0,1.812,2.56374,87.8902,853.0,BTJD,2457000.0,TDB,NASA_Exoplanet_Archive_TOI,synthetic_based_on_real_parameters,PDCSAP_equivalent_normalized
TIC_281459670,281459670,110.01,TESS,39,5.618525,-59.942589,00h22m28.45s,-59d56m33.32s,KP,5943.0,1.15706,11.6714,342.14,3.1743504,15457.3247576,2.751086,14.9172256,718.9096994,1320.6518234,BTJD,2457000.0,TDB,NASA_Exoplanet_Archive_TOI,synthetic_based_on_real_parameters,PDCSAP_equivalent_normalized
TIC_318608749,318608749,1100.01,TESS,27,9.126138,-83.567067,00h36m30.27s,-83d34m01.44s,FP,6033.0,1.14849,10.5135,205.43,20.0731588,1152.9645461,3.8449215,4.0506906,69.3993155,736.1368293,BTJD,2457000.0,TDB,NASA_Exoplanet_Archive_TOI,synthetic_based_on_real_parameters,PDCSAP_equivalent_normalized
TIC_271581073,271581073,1101.01,TESS,43,319.551469,-77.529113,21h18m12.35s,-77d31m44.81s,FP,5803.5,1.56,10.5891,262.794,2.66903,3110.0,1.548,9.36823,429.86,1268.0,BTJD,2457000.0,TDB,NASA_Exoplanet_Archive_TOI,synthetic_based_on_real_parameters,PDCSAP_equivalent_normalized
TIC_311890977,311890977,1102.01,TESS,6,263.003209,-76.858265,17h32m00.77s,-76d51m29.75s,FP,4138.1,0.63,10.5652,58.0624,6.63371,1555.34,2.122,2.75375,22.9987,610.0,BTJD,2457000.0,TDB,NASA_Exoplanet_Archive_TOI,synthetic_based_on_real_parameters,PDCSAP_equivalent_normalized
TIC_351603103,351603103,1103.01,TESS,22,310.086743,-63.789963,20h40m20.82s,-63d47m23.87s,PC,4437.0,3.13,10.5598,320.212,2.94308,4490.0,4.073,45.3525,2533.34,1976.0,BTJD,2457000.0,TDB,NASA_Exoplanet_Archive_TOI,synthetic_based_on_real_parameters,PDCSAP_equivalent_normalized
TIC_451599528,451599528,1104.01,TESS,1,279.721286,-85.709137,18h38m53.11s,-85d42m32.89s,FP,6058.6,1.39203,7.5622,70.0154,341.2811281,972.5797241,6.303026,4.7531892,121.1597998,846.173434,BTJD,2457000.0,TDB,NASA_Exoplanet_Archive_TOI,synthetic_based_on_real_parameters,PDCSAP_equivalent_normalized
TIC_274151135,274151135,1105.01,TESS,38,146.053969,-89.471513,09h44m12.95s,-89d28m17.45s,PC,4664.0,0.76,10.2809,79.5225,10.8680523,1553.0,2.375,2.90726,20.7383,594.0,BTJD,2457000.0,TDB,NASA_Exoplanet_Archive_TOI,synthetic_based_on_real_parameters,PDCSAP_equivalent_normalized
TIC_384513078,384513078,1106.01,TESS,61,253.110033,-79.135182,16h52m26.41s,-79d08m06.66s,PC,5042.0,4.94,10.0717,523.425,11.1149,900.0,2.26,14.7645,21.9713,603.0,BTJD,2457000.0,TDB,NASA_Exoplanet_Archive_TOI,synthetic_based_on_real_parameters,PDCSAP_equivalent_normalized
TIC_394561119,394561119,1107.01,TESS,28,155.607863,-82.218869,10h22m25.89s,-82d13m07.93s,CP,6501.0,1.74836,10.0068,281.314,4.0782392,6046.6959687,4.8475616,13.898174,1619.0081232,1617.8267296,BTJD,2457000.0,TDB,NASA_Exoplanet_Archive_TOI,synthetic_based_on_real_parameters,PDCSAP_equivalent_normalized
TIC_295599256,295599256,1108.01,TESS,26,274.221618,-68.197779,18h16m53.19s,-68d11m52s,FP,7860.0,1.91,9.941,417.08,7.14386,11146.4,1.467,22.1531,,,BTJD,2457000.0,TDB,NASA_Exoplanet_Archive_TOI,synthetic_based_on_real_parameters,PDCSAP_equivalent_normalized
TIC_50309953,50309953,1109.01,TESS,5,30.198486,-77.610376,02h00m47.64s,-77d36m37.35s,FP,5317.0,0.91,9.7906,102.238,7.04083,1580.0,2.979,8.46404,852.336,1505.0,BTJD,2457000.0,TDB,NASA_Exoplanet_Archive_TOI,synthetic_based_on_real_parameters,PDCSAP_equivalent_normalized
TIC_355703913,355703913,111.01,TESS,45,0.774487,-62.469317,00h03m05.88s,-62d28m09.54s,KP,5380.0,0.940697,13.183,508.842,2.1061569,12142.2238514,1.4688934,13.086872,691.8428073,1308.0417533,BTJD,2457000.0,TDB,NASA_Exoplanet_Archive_TOI,synthetic_based_on_real_parameters,PDCSAP_equivalent_normalized
TIC_446549905,446549905,1110.01,TESS,9,286.791829,-58.697242,19h07m10.04s,-58d41m50.07s,FP,6610.0,1.64,9.6789,243.838,2.4545635,4248.0,2.321,11.1276,2162.73,1899.0,BTJD,2457000.0,TDB,NASA_Exoplanet_Archive_TOI,synthetic_based_on_real_parameters,PDCSAP_equivalent_normalized
TIC_412014494,412014494,1111.01,TESS,15,291.373783,-60.941042,19h25m29.71s,-60d56m27.75s,FP,7262.0,2.13,9.3871,312.461,11.4756978,8341.0,0.808,14.1098,11.4585,512.0,BTJD,2457000.0,TDB,NASA_Exoplanet_Archive_TOI,synthetic_based_on_real_parameters,PDCSAP_equivalent_normalized
TIC_369864738,369864738,1112.01,TESS,60,163.628917,-87.269735,10h54m30.94s,-87d16m11.05s,FP,6819.0,2.21,9.5162,292.085,2.78186,490.0,2.456,4.92567,1323.21,1680.0,BTJD,2457000.0,TDB,NASA_Exoplanet_Archive_TOI,synthetic_based_on_real_parameters,PDCSAP_equivalent_normalized
TIC_290348382,290348382,1113.01,TESS,1,328.710839,-77.337433,21h54m50.6s,-77d20m14.76s,FP,3469.0,0.53,9.66865,23.8853,6.4410082,7076.0,1.798,4.59203,8.2114,471.0,BTJD,2457000.0,TDB,NASA_Exoplanet_Archive_TOI,synthetic_based_on_real_parameters,PDCSAP_equivalent_normalized
TIC_409934330,409934330,1114.01,TESS,42,302.147728,-71.552443,20h08m35.45s,-71d33m08.79s,APC,8048.0,,8.1129,174.475,2.4887726,4852.0,2.632,,773.3029498,1344.9531805,BTJD,2457000.0,TDB,NASA_Exoplanet_Archive_TOI,synthetic_based_on_real_parameters,PDCSAP_equivalent_normalized
TIC_379286801,379286801,1115.01,TESS,63,283.301843,-54.910806,18h53m12.44s,-54d54m38.9s,APC,6708.3,1.57,10.526,359.215,4.45199,8483.38,2.109,15.8858,1013.74,1571.0,BTJD,2457000.0,TDB,NASA_Exoplanet_Archive_TOI,synthetic_based_on_real_parameters,PDCSAP_equivalent_normalized
TIC_304100538,304100538,1116.01,TESS,1,27.699972,-75.848774,01h50m47.99s,-75d50m55.59s,PC,5551.0,0.906282,9.5268,94.4178,5.0100708,409.4812214,2.0644756,2.3107394,210.6631712,971.6657708,BTJD,2457000.0,TDB,NASA_Exoplanet_Archive_TOI,synthetic_based_on_real_parameters,PDCSAP_equivalent_normalized
TIC_295541511,295541511,1117.01,TESS,30,273.602061,-66.419974,18h14m24.49s,-66d25m11.91s,PC,5731.0,1.02,10.4055,167.598,2.2281625,630.0,2.015,2.56778,702.927,1434.0,BTJD,2457000.0,TDB,NASA_Exoplanet_Archive_TOI,synthetic_based_on_real_parameters,PDCSAP_equivalent_normalized
TIC_90919952,90919952,1118.01,TESS,55,277.432937,-44.625506,18h29m43.9s,-44d37m31.82s,FP,4898.4,,10.5084,,4.13812,5560.0,3.911,,613.964,1386.0,BTJD,2457000.0,TDB,NASA_Exoplanet_Archive_TOI,synthetic_based_on_real_parameters,PDCSAP_equivalent_normalized
TIC_261369656,261369656,1119.01,TESS,53,292.604815,-46.278074,19h30m25.16s,-46d16m41.07s,APC,6456.0,2.07,10.5024,421.518,10.95663,3830.0,3.588,23.9726,619.065,1389.0,BTJD,2457000.0,TDB,NASA_Exoplanet_Archive_TOI,synthetic_based_on_real_parameters,PDCSAP_equivalent_normalized
TIC_388104525,388104525,112.01,TESS,54,55.933639,-65.19378,03h43m44.07s,-65d11m37.61s,KP,5650.0,1.13732,11.6035,302.448,2.4997996,14621.2059647,2.865171,13.8516093,907.8624196,1399.9894384,BTJD,2457000.0,TDB,NASA_Exoplanet_Archive_TOI,synthetic_based_on_real_parameters,PDCSAP_equivalent_normalized
TIC_143257766,143257766,1120.01,TESS,47,293.389272,-45.892667,19h33m33.43s,-45d53m33.6s,FP,7301.0,1.64,10.4063,386.323,1.66226,6030.0,3.321,13.3343,7149.89,2561.0,BTJD,2457000.0,TDB,NASA_Exoplanet_Archive_TOI,synthetic_based_on_real_parameters,PDCSAP_equivalent_normalized
TIC_24094603,24094603,1121.01,TESS,55,269.648642,-46.065523,17h58m35.67s,-46d03m55.88s,FP,,,11.0605,338.644,4.07611,1454.18,2.062,,,,BTJD,2457000.0,TDB,NASA_Exoplanet_Archive_TOI,synthetic_based_on_real_parameters,PDCSAP_equivalent_normalized
TIC_304774444,304774444,1122.01,TESS,1,281.369481,-52.262928,18h45m28.68s,-52d15m46.54s,FP,6317.0,1.38,10.2934,249.826,3.6245513,1299.0,3.042,4.3503,919.571,,BTJD,2457000.0,TDB,NASA_Exoplanet_Archive_TOI,synthetic_based_on_real_parameters,PDCSAP_equivalent_normalized
TIC_469782185,469782185,1123.01,TESS,54,292.391505,-37.304009,19h29m33.96s,-37d18m14.43s,APC,5159.8,1.27,10.2398,161.932,1.20928,11883.8,1.886,15.1764,,,BTJD,2457000.0,TDB,NASA_Exoplanet_Archive_TOI,synthetic_based_on_real_parameters,PDCSAP_equivalent_normalized
TIC_128790976,128790976,1124.01,TESS,30,300.212928,-43.982529,20h00m51.1s,-43d58m57.1s,APC,6690.0,1.49,7.2235,75.7145,3.5187707,5634.0,2.408,14.0061,2000.01,1863.0,BTJD,2457000.0,TDB,NASA_Exoplanet_Archive_TOI,synthetic_based_on_real_parameters,PDCSAP_equivalent_normalized
TIC_80166433,80166433,1125.01,TESS,18,298.287708,-46.369991,19h53m09.05s,-46d22m11.97s,PC,8271.0,2.5027299,8.0465,237.593,0.7724825,211.3168519,1.3744974,4.1624907,60276.5000547,3996.2877922,BTJD,2457000.0,TDB,NASA_Exoplanet_Archive_TOI,synthetic_based_on_real_parameters,PDCSAP_equivalent_normalized
TIC_405862830,405862830,1126.01,TESS,14,279.062469,-43.620606,18h36m14.99s,-43d37m14.18s,FP,5034.0,0.73,10.3579,97.8115,1.6268695,1502.0,3.231,2.36498,1946.23,1850.0,BTJD,2457000.0,TDB,NASA_Exoplanet_Archive_TOI,synthetic_based_on_real_parameters,PDCSAP_equivalent_normalized
TIC_269450900,269450900,1127.01,TESS,53,292.195297,-36.00026,19h28m46.87s,-36d00m00.94s,FP,8268.5,,7.3163,177.741,2.32439,2704.18,4.453,,68217.5,4502.0,BTJD,2457000.0,TDB,NASA_Exoplanet_Archive_TOI,synthetic_based_on_real_parameters,PDCSAP_equivalent_normalized
TIC_425721385,425721385,1128.01,TESS,12,289.761799,-43.074223,19h19m02.83s,-43d04m27.2s,FP,6209.0,1.63,9.7298,222.529,13.5499,1180.0,1.795,6.24633,31.6652,660.0,BTJD,2457000.0,TDB,NASA_Exoplanet_Archive_TOI,synthetic_based_on_real_parameters,PDCSAP_equivalent_normalized
TIC_91576611,91576611,1129.01,TESS,19,284.157959,-29.398357,18h56m37.91s,-29d23m54.09s,FP,7101.9,2.32,8.7823,247.414,4.43651,1520.0,3.365,19.9664,8233.41,2653.0,BTJD,2457000.0,TDB,NASA_Exoplanet_Archive_TOI,synthetic_based_on_real_parameters,PDCSAP_equivalent_normalized
TIC_97409519,97409519,113.01,TESS,49,332.714337,-30.749719,22h10m51.44s,-30d44m58.99s,KP,6050.0,1.02,12.1893,448.637,3.372877,17163.60419,2.63426,14.201803,615.165921,1270.187448,BTJD,2457000.0,TDB,NASA_Exoplanet_Archive_TOI,synthetic_based_on_real_parameters,PDCSAP_equivalent_normalized
TIC_254113311,254113311,1130.01,TESS,36,286.376004,-41.43764,19h05m30.24s,-41d26m15.5s,CP,4236.0,0.74,10.1429,58.2609,8.34998,16680.0,1.836,11.1424,19.9348,588.0,BTJD,2457000.0,TDB,NASA_Exoplanet_Archive_TOI,synthetic_based_on_real_parameters,PDCSAP_equivalent_normalized
TIC_254113311,254113311,1130.02,TESS,21,286.376004,-41.43764,19h05m30.24s,-41d26m15.5s,CP,4236.0,0.741921,10.1429,58.2609,4.0686405,2650.0950013,1.8373729,3.7548333,84.108766,772.378302,BTJD,2457000.0,TDB,NASA_Exoplanet_Archive_TOI,synthetic_based_on_real_parameters,PDCSAP_equivalent_normalized
TIC_198213332,198213332,1131.01,TESS,45,248.433545,61.718334,16h33m44.05s,+61d43m06s,PC,5579.0,2.39803,9.2872,222.74,0.5860366,410.5241553,0.8098934,4.906408,26813.1057089,3263.6721812,BTJD,2457000.0,TDB,NASA_Exoplanet_Archive_TOI,synthetic_based_on_real_parameters,PDCSAP_equivalent_normalized
